Ref,Val,Package,PosX,PosY,Rot,Side
"C1","10pF","C_0402_1005Metric",147.750000,-99.155000,90.000000,top
"C2","10uF","C_0805_2012Metric",154.250000,-90.000000,90.000000,top
"C3","0.1uF","C_0603_1608Metric",170.950000,-84.250000,-90.000000,top
"C4","100nF","C_0603_1608Metric",157.000000,-108.500000,-90.000000,top
"C5","10pF","C_0402_1005Metric",142.750000,-96.175000,-90.000000,top
"C6","100nF","C_0603_1608Metric",170.000000,-93.500000,0.000000,top
"C7","0.1uF","C_0603_1608Metric",166.200000,-88.200000,-90.000000,top
"C8","2u2F","C_0603_1608Metric",164.250000,-107.100000,-90.000000,top
"C9","100nF","C_0603_1608Metric",165.750000,-107.100000,-90.000000,top
"C10","2u2F","C_0603_1608Metric",170.000000,-95.000000,0.000000,top
"C11","100nF","C_0603_1608Metric",154.000000,-108.500000,-90.000000,top
"C12","100nF","C_0603_1608Metric",168.750000,-107.100000,-90.000000,top
"C13","0.1uF","C_0603_1608Metric",168.700000,-87.200000,0.000000,top
"C14","10nF","C_0402_1005Metric",148.250000,-103.655000,-90.000000,top
"C15","1u","C_0603_1608Metric",146.750000,-103.950000,-90.000000,top
"C16","1u","C_0603_1608Metric",143.750000,-103.950000,90.000000,top
"C17","100nF","C_0603_1608Metric",155.500000,-108.500000,-90.000000,top
"C18","100nF","C_0603_1608Metric",169.950000,-92.000000,0.000000,top
"C19","100nF","C_0603_1608Metric",167.250000,-107.100000,-90.000000,top
"C20","100nF","C_0603_1608Metric",156.250000,-90.050000,90.000000,top
"C21","100nF","C_0603_1608Metric",151.000000,-86.500000,90.000000,top
"C23","0.1uF","C_0603_1608Metric",156.260000,-117.725000,180.000000,top
"C24","0.1uF","C_0603_1608Metric",155.535000,-113.225000,0.000000,top
"C25","22uF","C_1210_3225Metric",182.050000,-111.500000,0.000000,top
"C26","22uF","C_1210_3225Metric",177.025000,-111.500000,180.000000,top
"C27","220pF","C_0603_1608Metric",168.725000,-80.250000,0.000000,top
"C28","0.1uF","C_0603_1608Metric",168.000000,-118.000000,180.000000,top
"C29","0.1uF","C_0603_1608Metric",169.800000,-113.500000,0.000000,top
"C30","1uF","C_0603_1608Metric",169.775000,-115.000000,0.000000,top
"C31","4.7uF","C_0805_2012Metric",193.500000,-99.950000,-90.000000,top
"C32","4.7uF (25V)","C_0805_2012Metric",195.500000,-99.950000,-90.000000,top
"C33","10nF (50v)","C_0603_1608Metric",191.500000,-100.050000,-90.000000,top
"C34","2.2nF","C_0603_1608Metric",175.500000,-91.725000,-90.000000,top
"C35","22pF","C_0603_1608Metric",180.500000,-87.000000,90.000000,top
"C36","10nF","C_0603_1608Metric",183.225000,-88.000000,0.000000,top
"C37","47uF","C_1210_3225Metric",189.000000,-84.000000,90.000000,top
"C38","47uF","C_1210_3225Metric",192.500000,-83.975000,90.000000,top
"C39","100nF","C_0805_2012Metric",185.500000,-92.950000,-90.000000,top
"D1","SD103ATW","D_SOD-123",194.650000,-112.000000,0.000000,top
"D4","SS54-HF","DIOM5025X220N",187.500000,-97.000000,0.000000,top
"D5","BAT54C","SOT-23",188.000000,-106.437500,90.000000,top
"D6","LED_R","LED_0603_1608Metric",173.500000,-100.887500,90.000000,top
"FB1","FerriteBead 120MHz","L_0603_1608Metric",145.250000,-103.962500,-90.000000,top
"FB2","FB_100hz","L_0603_1608Metric",191.300000,-111.787500,90.000000,top
"FB3","FB_100hz","L_0603_1608Metric",184.712500,-105.000000,180.000000,top
"J1","USB_B_Micro","AMPHENOL_10118194-0011LF",203.200000,-107.100000,90.000000,top
"J2","SWD","PinHeader_1x04_P2.54mm_Vertical",177.050000,-75.500000,-90.000000,top
"J4","Conn_01x06","PinHeader_1x06_P2.54mm_Vertical",180.300000,-75.500000,90.000000,top
"J17","GPIO","PinHeader_1x09_P2.54mm_Vertical",134.100000,-112.080000,180.000000,top
"J18","Conn_02x09_Odd_Even","PinHeader_2x09_P2.54mm_Vertical",131.540000,-112.080000,180.000000,top
"J19","Conn_01x04","PinHeader_1x04_P2.54mm_Vertical",140.920000,-122.800000,90.000000,top
"J20","Conn_01x04","PinHeader_1x04_P2.54mm_Vertical",140.920000,-119.500000,90.000000,top
"J21","Conn_01x04","PinHeader_1x04_P2.54mm_Vertical",140.920000,-116.500000,90.000000,top
"J22","Conn_02x04_Odd_Even","PinHeader_2x04_P2.54mm_Vertical",184.500000,-122.540000,90.000000,top
"J23","Conn_01x06","PinHeader_1x06_P2.54mm_Vertical",166.400000,-75.500000,-90.000000,top
"J24","Conn_01x04","PinHeader_1x04_P2.54mm_Vertical",170.960000,-122.500000,90.000000,top
"J25","Conn_01x04","PinHeader_1x04_P2.54mm_Vertical",162.500000,-122.500000,-90.000000,top
"J26","Conn_01x02","PinHeader_1x02_P2.54mm_Vertical",131.500000,-88.500000,-90.000000,top
"J28","Conn_01x02","PinHeader_1x02_P2.54mm_Vertical",131.540000,-85.000000,-90.000000,top
"L1","4.7uH","L_KOHERelec_MDA7030",191.000000,-91.000000,90.000000,top
"LED1","LED_R","LED_0603_1608Metric",144.000000,-111.000000,180.000000,top
"LED2","LED_B","LED_0603_1608Metric",144.000000,-108.000000,180.000000,top
"R2","332k","R_1206_3216Metric",187.037500,-101.000000,0.000000,top
"R3","1k5","R_0603_1608Metric",144.000000,-109.500000,180.000000,top
"R4","1k5","R_0603_1608Metric",144.000000,-112.500000,180.000000,top
"R5","10k","R_0805_2012Metric",144.587500,-79.070000,0.000000,top
"R6","4k7","R_0603_1608Metric",157.675000,-84.000000,0.000000,top
"R7","4k7","R_0603_1608Metric",154.825000,-82.000000,0.000000,top
"R8","4k7","R_0603_1608Metric",160.325000,-116.000000,180.000000,top
"R9","4k7","R_0603_1608Metric",160.325000,-113.000000,180.000000,top
"R10","4k7","R_0603_1608Metric",174.675000,-118.990000,0.000000,top
"R11","4k7","R_0603_1608Metric",177.675000,-118.995000,-90.000000,top
"R12","1k5","R_0603_1608Metric",172.000000,-100.900000,-90.000000,top
"R15","35.7K","R_1206_3216Metric",177.037500,-87.500000,180.000000,top
"R16","0","R_0603_1608Metric",196.000000,-86.175000,-90.000000,top
"R17","10.5k","R_1206_3216Metric",184.962500,-85.500000,0.000000,top
"R18","3.2k","R_0603_1608Metric",182.675000,-83.500000,0.000000,top
"R19","1k5","R_0603_1608Metric",134.825000,-88.500000,0.000000,top
"RESET","SW_DIP_x01","SW_SPST_PTS647_Sx38",145.125000,-85.600000,0.000000,top
"SW1","SW_DPDT_x2","SW_SPDT_PCM12",144.500000,-75.570000,180.000000,top
"U1","MPU-6050","InvenSense_QFN-24_4x4mm_P0.5mm",167.450000,-83.750000,0.000000,top
"U2","STM32F405RGTx","LQFP-64_10x10mm_P0.5mm",160.750000,-98.825000,0.000000,top
"U3","AMS1117-3.3","SOT-223-3_TabPin2",178.500000,-104.650000,90.000000,top
"U4","LIS3MDL","LGA-12_2x2mm_P0.5mm",166.250000,-115.262500,0.000000,top
"U5","BMP280","Bosch_LGA-8_2x2.5mm_P0.65mm_ClockwisePinNumbering",156.525000,-115.300000,0.000000,top
"U6","TPS5431DDA","TI_SO-PowerPAD-8_ThermalVias",180.905000,-93.600000,-90.000000,top
"U7","USBLC6-2SC6","SOT-23-6",193.637500,-108.050000,0.000000,top
"Y1","16MHz","Crystal_SMD_5032-4Pin_5.0x3.2mm",145.250000,-97.675000,90.000000,top
